instance,distance,vehicles,service_duration,max_due,route_sequence,routes
C101,1860.751,16,90.0,1127.0,0 13 17 18 19 15 16 12 75 0 43 31 35 37 38 34 22 21 0 32 33 39 36 52 49 47 0 20 24 25 29 30 28 26 23 2 1 0 5 3 7 27 14 6 4 0 96 8 10 11 9 99 0 98 63 62 64 66 69 0 65 40 46 45 48 50 0 41 44 51 91 0 42 58 60 59 68 0 67 55 54 56 61 80 0 87 86 83 82 73 77 79 89 0 90 53 72 88 0 57 74 85 100 0 78 76 71 70 84 0 81 95 94 92 93 97 0,13 17 18 19 15 16 12 75 | 43 31 35 37 38 34 22 21 | 32 33 39 36 52 49 47 | 20 24 25 29 30 28 26 23 2 1 | 5 3 7 27 14 6 4 | 96 8 10 11 9 99 | 98 63 62 64 66 69 | 65 40 46 45 48 50 | 41 44 51 91 | 42 58 60 59 68 | 67 55 54 56 61 80 | 87 86 83 82 73 77 79 89 | 90 53 72 88 | 57 74 85 100 | 78 76 71 70 84 | 81 95 94 92 93 97
C102,1329.485,13,90.0,1135.0,0 67 65 53 56 60 59 51 48 50 1 0 81 78 76 71 70 73 77 79 80 82 85 0 32 33 34 35 37 38 39 36 21 0 18 19 12 16 14 94 95 96 98 91 0 13 17 15 11 9 6 4 83 0 20 24 25 27 30 26 31 52 49 72 0 29 28 7 5 3 75 2 0 8 10 23 22 47 0 57 55 54 58 64 66 69 0 90 87 86 84 88 89 0 92 93 97 100 99 0 43 42 41 40 44 46 45 68 0 63 62 74 61 0,67 65 53 56 60 59 51 48 50 1 | 81 78 76 71 70 73 77 79 80 82 85 | 32 33 34 35 37 38 39 36 21 | 18 19 12 16 14 94 95 96 98 91 | 13 17 15 11 9 6 4 83 | 20 24 25 27 30 26 31 52 49 72 | 29 28 7 5 3 75 2 | 8 10 23 22 47 | 57 55 54 58 64 66 69 | 90 87 86 84 88 89 | 92 93 97 100 99 | 43 42 41 40 44 46 45 68 | 63 62 74 61
C103,1627.142,14,90.0,1136.0,0 13 17 12 15 11 9 6 4 94 91 90 0 67 65 62 74 93 100 99 0 25 27 30 18 19 16 14 2 5 0 87 84 88 85 89 48 46 0 41 44 52 31 68 54 60 59 0 42 35 37 32 34 29 1 3 7 75 0 33 38 39 36 28 49 63 0 55 53 56 58 57 61 72 69 86 0 78 76 70 77 79 80 82 83 0 92 95 96 98 97 0 8 10 23 22 21 20 24 0 26 47 45 43 50 51 0 81 71 73 64 66 0 40 0,13 17 12 15 11 9 6 4 94 91 90 | 67 65 62 74 93 100 99 | 25 27 30 18 19 16 14 2 5 | 87 84 88 85 89 48 46 | 41 44 52 31 68 54 60 59 | 42 35 37 32 34 29 1 3 7 75 | 33 38 39 36 28 49 63 | 55 53 56 58 57 61 72 69 86 | 78 76 70 77 79 80 82 83 | 92 95 96 98 97 | 8 10 23 22 21 20 24 | 26 47 45 43 50 51 | 81 71 73 64 66 | 40
C104,1530.570,14,90.0,1136.0,0 67 44 45 51 52 31 35 33 32 0 8 11 9 97 94 93 96 95 0 13 16 14 19 18 17 43 47 49 41 42 40 0 76 70 73 81 80 78 71 82 85 91 0 25 38 39 36 34 37 29 20 0 15 12 10 7 5 3 2 6 0 87 62 72 61 64 68 66 65 63 90 89 0 92 84 88 86 83 0 55 53 58 56 60 57 59 48 46 0 21 50 24 22 27 30 28 26 75 1 98 0 74 54 77 79 0 100 99 69 0 4 0 23 0,67 44 45 51 52 31 35 33 32 | 8 11 9 97 94 93 96 95 | 13 16 14 19 18 17 43 47 49 41 42 40 | 76 70 73 81 80 78 71 82 85 91 | 25 38 39 36 34 37 29 20 | 15 12 10 7 5 3 2 6 | 87 62 72 61 64 68 66 65 63 90 89 | 92 84 88 86 83 | 55 53 58 56 60 57 59 48 46 | 21 50 24 22 27 30 28 26 75 1 98 | 74 54 77 79 | 100 99 69 | 4 | 23
C105,1910.669,15,90.0,1127.0,0 13 17 18 19 15 14 12 4 2 1 0 31 35 37 38 39 36 34 22 21 75 0 20 32 25 29 30 28 26 23 52 49 47 0 24 33 27 10 11 9 6 100 99 0 5 3 7 8 16 85 88 89 91 0 96 63 62 61 64 59 50 69 0 98 40 44 46 45 51 66 0 41 54 56 58 60 68 0 67 65 74 72 48 0 43 57 53 73 79 80 0 90 55 70 77 0 42 87 86 83 82 84 97 0 71 92 93 0 95 94 0 81 78 76 0,13 17 18 19 15 14 12 4 2 1 | 31 35 37 38 39 36 34 22 21 75 | 20 32 25 29 30 28 26 23 52 49 47 | 24 33 27 10 11 9 6 100 99 | 5 3 7 8 16 85 88 89 91 | 96 63 62 61 64 59 50 69 | 98 40 44 46 45 51 66 | 41 54 56 58 60 68 | 67 65 74 72 48 | 43 57 53 73 79 80 | 90 55 70 77 | 42 87 86 83 82 84 97 | 71 92 93 | 95 94 | 81 78 76
C106,1871.632,15,90.0,1127.0,0 31 35 37 38 36 34 22 21 75 0 5 17 18 19 15 16 14 12 2 0 20 32 39 26 23 1 0 24 33 29 30 28 6 4 100 99 0 3 7 8 10 9 51 50 52 49 47 0 25 27 46 45 48 59 66 69 0 98 96 95 82 84 77 73 80 89 0 43 42 41 44 60 58 68 91 0 13 11 64 61 88 0 81 78 76 71 70 79 0 67 40 56 72 85 97 0 65 57 54 53 74 0 55 63 62 83 92 0 94 93 0 87 90 86 0,31 35 37 38 36 34 22 21 75 | 5 17 18 19 15 16 14 12 2 | 20 32 39 26 23 1 | 24 33 29 30 28 6 4 100 99 | 3 7 8 10 9 51 50 52 49 47 | 25 27 46 45 48 59 66 69 | 98 96 95 82 84 77 73 80 89 | 43 42 41 44 60 58 68 91 | 13 11 64 61 88 | 81 78 76 71 70 79 | 67 40 56 72 85 97 | 65 57 54 53 74 | 55 63 62 83 92 | 94 93 | 87 90 86
C107,1979.355,14,90.0,1127.0,0 13 18 19 15 16 14 12 2 0 17 31 35 37 38 39 36 34 22 21 0 20 32 29 30 28 26 23 4 75 0 33 24 25 27 10 11 9 6 1 0 67 40 44 45 48 51 50 52 49 47 0 65 41 46 58 60 59 68 66 69 0 96 98 7 8 74 72 64 80 91 0 63 62 56 61 77 79 89 0 43 42 54 53 70 73 88 0 3 5 76 71 82 84 85 100 99 0 90 55 86 83 93 97 0 87 57 92 0 94 0 81 78 95 0,13 18 19 15 16 14 12 2 | 17 31 35 37 38 39 36 34 22 21 | 20 32 29 30 28 26 23 4 75 | 33 24 25 27 10 11 9 6 1 | 67 40 44 45 48 51 50 52 49 47 | 65 41 46 58 60 59 68 66 69 | 96 98 7 8 74 72 64 80 91 | 63 62 56 61 77 79 89 | 43 42 54 53 70 73 88 | 3 5 76 71 82 84 85 100 99 | 90 55 86 83 93 97 | 87 57 92 | 94 | 81 78 95
C108,1642.983,13,90.0,1130.0,0 13 18 19 15 16 14 12 2 0 3 17 31 35 37 38 39 36 34 21 75 0 20 32 33 24 29 26 28 23 22 1 0 5 25 27 30 10 11 9 6 4 0 67 65 40 41 44 45 48 51 47 50 52 49 0 42 43 46 56 58 60 59 69 0 98 7 8 74 61 72 64 68 66 91 0 63 55 54 53 70 73 77 80 0 90 57 62 71 79 89 88 0 87 86 83 81 82 84 85 99 100 0 94 92 97 93 0 95 96 0 76 78 0,13 18 19 15 16 14 12 2 | 3 17 31 35 37 38 39 36 34 21 75 | 20 32 33 24 29 26 28 23 22 1 | 5 25 27 30 10 11 9 6 4 | 67 65 40 41 44 45 48 51 47 50 52 49 | 42 43 46 56 58 60 59 69 | 98 7 8 74 61 72 64 68 66 91 | 63 55 54 53 70 73 77 80 | 90 57 62 71 79 89 88 | 87 86 83 81 82 84 85 99 100 | 94 92 97 93 | 95 96 | 76 78
C109,1393.911,11,90.0,1130.0,0 13 17 18 19 15 16 14 12 99 0 20 31 35 32 37 38 39 36 34 21 1 0 24 33 29 27 26 28 23 22 75 2 0 65 67 41 40 44 45 48 51 50 49 47 52 0 43 42 46 56 58 60 59 68 69 66 0 3 5 7 25 30 10 11 9 6 4 0 63 55 57 54 53 64 61 89 91 0 96 98 8 62 72 74 88 100 0 87 86 90 81 71 70 73 77 79 80 0 83 76 78 82 85 84 97 0 92 95 94 93 0,13 17 18 19 15 16 14 12 99 | 20 31 35 32 37 38 39 36 34 21 1 | 24 33 29 27 26 28 23 22 75 2 | 65 67 41 40 44 45 48 51 50 49 47 52 | 43 42 46 56 58 60 59 68 69 66 | 3 5 7 25 30 10 11 9 6 4 | 63 55 57 54 53 64 61 89 91 | 96 98 8 62 72 74 88 100 | 87 86 90 81 71 70 73 77 79 80 | 83 76 78 82 85 84 97 | 92 95 94 93
C201,2504.432,15,90.0,3279.0,0 92 94 95 98 7 58 59 40 76 71 70 73 80 10 41 77 87 0 20 67 74 61 49 56 60 57 44 85 78 0 93 63 62 72 64 66 65 54 53 4 89 46 15 47 90 0 68 55 83 82 0 69 33 35 38 36 34 28 23 18 16 51 0 6 32 31 37 39 3 91 84 86 45 12 48 21 0 24 27 2 1 100 97 26 19 14 43 96 0 22 5 75 30 29 50 42 0 99 13 81 0 88 0 17 9 0 25 8 0 11 0 52 0 79 0,92 94 95 98 7 58 59 40 76 71 70 73 80 10 41 77 87 | 20 67 74 61 49 56 60 57 44 85 78 | 93 63 62 72 64 66 65 54 53 4 89 46 15 47 90 | 68 55 83 82 | 69 33 35 38 36 34 28 23 18 16 51 | 6 32 31 37 39 3 91 84 86 45 12 48 21 | 24 27 2 1 100 97 26 19 14 43 96 | 22 5 75 30 29 50 42 | 99 13 81 | 88 | 17 9 | 25 8 | 11 | 52 | 79
C202,3538.182,34,90.0,3289.0,0 92 35 38 23 18 19 16 0 99 97 94 12 26 36 28 58 59 50 34 37 31 52 48 82 85 83 96 72 21 7 0 93 67 62 74 61 64 69 4 0 100 0 63 66 68 39 54 53 56 0 22 87 91 0 20 65 49 55 77 0 24 27 29 25 0 6 32 33 51 75 80 0 30 13 0 44 73 0 5 10 2 1 3 0 76 0 98 47 0 89 0 71 0 88 0 84 0 70 0 86 0 42 81 0 15 0 14 0 79 0 60 46 45 0 9 0 78 0 57 90 0 11 0 95 43 0 17 0 41 0 8 0 40 0,92 35 38 23 18 19 16 | 99 97 94 12 26 36 28 58 59 50 34 37 31 52 48 82 85 83 96 72 21 7 | 93 67 62 74 61 64 69 4 | 100 | 63 66 68 39 54 53 56 | 22 87 91 | 20 65 49 55 77 | 24 27 29 25 | 6 32 33 51 75 80 | 30 13 | 44 73 | 5 10 2 1 3 | 76 | 98 47 | 89 | 71 | 88 | 84 | 70 | 86 | 42 81 | 15 | 14 | 79 | 60 46 45 | 9 | 78 | 57 90 | 11 | 95 43 | 17 | 41 | 8 | 40
C203,3607.833,39,90.0,3290.0,0 4 36 23 0 88 84 0 53 45 0 56 44 0 58 0 39 15 8 0 40 0 25 0 13 0 81 27 30 6 0 17 0 76 0 69 92 0 99 100 49 0 14 0 9 0 41 0 70 0 51 60 54 59 57 72 61 73 71 50 0 52 43 46 48 47 63 96 83 82 85 86 90 97 94 16 12 0 74 0 42 0 66 68 65 55 0 20 93 0 62 0 10 0 80 0 79 0 22 0 38 0 11 0 67 0 75 95 7 91 18 19 26 28 5 1 0 24 29 21 34 31 89 98 77 0 32 35 37 0 87 0 78 0 2 64 0 33 3 0,4 36 23 | 88 84 | 53 45 | 56 44 | 58 | 39 15 8 | 40 | 25 | 13 | 81 27 30 6 | 17 | 76 | 69 92 | 99 100 49 | 14 | 9 | 41 | 70 | 51 60 54 59 57 72 61 73 71 50 | 52 43 46 48 47 63 96 83 82 85 86 90 97 94 16 12 | 74 | 42 | 66 68 65 55 | 20 93 | 62 | 10 | 80 | 79 | 22 | 38 | 11 | 67 | 75 95 7 91 18 19 26 28 5 1 | 24 29 21 34 31 89 98 77 | 32 35 37 | 87 | 78 | 2 64 | 33 3
C204,3155.144,23,90.0,3291.0,0 35 50 45 60 59 56 54 57 40 49 65 0 31 0 25 32 80 82 85 70 71 0 39 0 13 52 81 78 73 0 9 33 0 44 15 0 92 53 0 67 99 100 4 0 74 84 23 77 51 0 62 89 10 12 18 14 69 0 19 17 16 26 27 22 20 47 46 68 64 72 61 42 41 66 0 28 30 21 5 6 43 34 37 36 0 55 0 11 0 38 0 58 0 29 93 24 75 94 88 83 63 96 7 97 79 0 3 8 0 2 98 86 1 95 0 48 90 87 0 76 0 91 0,35 50 45 60 59 56 54 57 40 49 65 | 31 | 25 32 80 82 85 70 71 | 39 | 13 52 81 78 73 | 9 33 | 44 15 | 92 53 | 67 99 100 4 | 74 84 23 77 51 | 62 89 10 12 18 14 69 | 19 17 16 26 27 22 20 47 46 68 64 72 61 42 41 66 | 28 30 21 5 6 43 34 37 36 | 55 | 11 | 38 | 58 | 29 93 24 75 94 88 83 63 96 7 97 79 | 3 8 | 2 98 86 1 95 | 48 90 87 | 76 | 91
C205,2129.715,11,90.0,3279.0,0 93 20 63 67 74 72 61 66 55 49 56 53 60 58 59 84 86 83 85 70 71 73 96 78 77 0 6 32 29 33 31 68 54 57 40 82 76 80 79 81 87 8 0 22 24 27 5 2 1 99 100 97 92 94 95 26 28 88 23 18 11 48 42 41 0 16 15 45 25 0 62 64 69 65 37 98 7 91 89 46 44 12 43 52 0 19 14 9 21 90 0 75 30 39 3 4 0 35 38 36 34 0 17 50 10 0 13 0 51 47 0,93 20 63 67 74 72 61 66 55 49 56 53 60 58 59 84 86 83 85 70 71 73 96 78 77 | 6 32 29 33 31 68 54 57 40 82 76 80 79 81 87 8 | 22 24 27 5 2 1 99 100 97 92 94 95 26 28 88 23 18 11 48 42 41 | 16 15 45 25 | 62 64 69 65 37 98 7 91 89 46 44 12 43 52 | 19 14 9 21 90 | 75 30 39 3 4 | 35 38 36 34 | 17 50 10 | 13 | 51 47
C206,3255.068,18,90.0,3288.0,0 94 64 66 49 65 34 37 58 70 10 41 96 48 90 87 0 36 38 50 40 0 26 28 18 23 59 15 16 79 81 80 73 77 78 0 3 54 55 56 53 82 85 76 71 46 45 51 52 9 11 0 91 83 8 0 35 29 68 31 44 14 0 7 95 39 17 21 0 69 61 33 86 0 89 60 12 0 92 99 100 32 13 0 4 0 25 0 98 57 0 6 74 72 97 84 88 0 27 63 67 62 1 19 0 93 5 24 22 2 30 43 0 75 20 42 0 47 0,94 64 66 49 65 34 37 58 70 10 41 96 48 90 87 | 36 38 50 40 | 26 28 18 23 59 15 16 79 81 80 73 77 78 | 3 54 55 56 53 82 85 76 71 46 45 51 52 9 11 | 91 83 8 | 35 29 68 31 44 14 | 7 95 39 17 21 | 69 61 33 86 | 89 60 12 | 92 99 100 32 13 | 4 | 25 | 98 57 | 6 74 72 97 84 88 | 27 63 67 62 1 19 | 93 5 24 22 2 30 43 | 75 20 42 | 47
C207,4476.356,55,90.0,3288.0,0 94 0 75 99 0 1 100 0 5 2 92 97 0 93 0 83 0 72 67 63 0 23 0 57 0 33 6 64 65 55 68 0 89 0 77 0 88 0 39 0 11 0 79 13 0 3 0 85 52 0 19 0 86 0 4 0 47 0 20 61 24 0 96 90 87 78 0 74 62 95 0 84 0 98 0 91 0 7 0 82 0 76 0 38 60 35 37 36 0 70 0 49 16 0 34 31 54 53 56 12 43 0 21 8 50 0 17 0 66 32 58 40 46 0 44 0 71 0 28 0 29 22 30 27 69 59 73 0 80 0 81 0 26 0 48 0 15 0 25 0 41 9 0 42 0 45 0 51 0 18 0 14 0 10 0,94 | 75 99 | 1 100 | 5 2 92 97 | 93 | 83 | 72 67 63 | 23 | 57 | 33 6 64 65 55 68 | 89 | 77 | 88 | 39 | 11 | 79 13 | 3 | 85 52 | 19 | 86 | 4 | 47 | 20 61 24 | 96 90 87 78 | 74 62 95 | 84 | 98 | 91 | 7 | 82 | 76 | 38 60 35 37 36 | 70 | 49 16 | 34 31 54 53 56 12 43 | 21 8 50 | 17 | 66 32 58 40 46 | 44 | 71 | 28 | 29 22 30 27 69 59 73 | 80 | 81 | 26 | 48 | 15 | 25 | 41 9 | 42 | 45 | 51 | 18 | 14 | 10
C208,2528.632,16,90.0,3288.0,0 92 99 33 32 31 37 35 38 98 85 84 76 71 70 79 73 80 81 78 77 21 0 94 7 97 56 55 60 53 54 57 58 46 40 59 44 52 45 50 0 95 100 65 49 39 34 36 15 0 12 0 66 64 63 74 61 68 69 4 89 3 16 91 88 86 83 14 0 1 62 67 72 22 96 8 43 9 0 6 29 30 27 20 41 47 90 87 11 0 18 0 82 23 0 2 24 75 5 93 48 0 17 0 51 0 25 0 10 0 19 0 28 26 13 42 0,92 99 33 32 31 37 35 38 98 85 84 76 71 70 79 73 80 81 78 77 21 | 94 7 97 56 55 60 53 54 57 58 46 40 59 44 52 45 50 | 95 100 65 49 39 34 36 15 | 12 | 66 64 63 74 61 68 69 4 89 3 16 91 88 86 83 14 | 1 62 67 72 22 96 8 43 9 | 6 29 30 27 20 41 47 90 87 11 | 18 | 82 23 | 2 24 75 5 93 48 | 17 | 51 | 25 | 10 | 19 | 28 26 13 42
R101,2474.658,28,10.0,210.0,0 52 22 48 0 82 84 17 100 0 83 61 86 60 93 0 45 16 85 43 91 58 0 63 11 19 49 32 70 0 64 90 10 1 77 0 42 98 44 46 89 0 36 47 8 37 13 0 95 38 24 80 0 5 18 6 97 0 69 88 7 96 0 27 53 50 68 25 0 59 99 94 74 0 92 87 57 4 0 31 30 20 0 28 40 26 0 14 15 41 56 0 33 76 9 34 35 0 29 51 3 54 0 39 23 67 55 0 65 71 66 0 62 78 0 73 0 72 2 0 12 79 0 75 0 21 0 81 0,52 22 48 | 82 84 17 100 | 83 61 86 60 93 | 45 16 85 43 91 58 | 63 11 19 49 32 70 | 64 90 10 1 77 | 42 98 44 46 89 | 36 47 8 37 13 | 95 38 24 80 | 5 18 6 97 | 69 88 7 96 | 27 53 50 68 25 | 59 99 94 74 | 92 87 57 4 | 31 30 20 | 28 40 26 | 14 15 41 56 | 33 76 9 34 35 | 29 51 3 54 | 39 23 67 55 | 65 71 66 | 62 78 | 73 | 72 2 | 12 79 | 75 | 21 | 81
R102,2421.871,24,10.0,210.0,0 63 11 19 49 48 82 83 5 0 62 88 90 31 7 52 59 0 45 47 46 17 85 91 0 42 15 57 2 13 95 98 0 64 32 96 0 8 10 37 94 0 27 69 40 53 97 60 100 0 36 18 84 93 0 28 87 43 58 0 92 86 89 26 0 14 44 38 21 72 75 0 61 6 1 34 3 0 77 50 0 66 12 80 0 16 74 25 0 30 51 9 35 0 33 76 81 68 24 0 71 78 54 70 0 23 67 55 4 0 73 41 56 0 99 0 65 79 20 0 39 22 0 29 0,63 11 19 49 48 82 83 5 | 62 88 90 31 7 52 59 | 45 47 46 17 85 91 | 42 15 57 2 13 95 98 | 64 32 96 | 8 10 37 94 | 27 69 40 53 97 60 100 | 36 18 84 93 | 28 87 43 58 | 92 86 89 26 | 14 44 38 21 72 75 | 61 6 1 34 3 | 77 50 | 66 12 80 | 16 74 25 | 30 51 9 35 | 33 76 81 68 24 | 71 78 54 70 | 23 67 55 4 | 73 41 56 | 99 | 65 79 20 | 39 22 | 29
R103,2062.049,20,10.0,213.0,0 62 88 7 82 46 83 48 52 0 45 8 18 60 5 16 61 59 0 27 6 89 98 14 91 85 0 11 19 47 86 96 37 0 69 53 28 2 57 43 0 92 42 38 17 94 95 0 64 49 32 20 51 0 70 1 0 36 84 97 13 100 0 44 87 26 50 12 54 0 33 76 3 68 29 24 0 30 90 63 10 31 72 0 15 40 73 21 75 74 58 0 65 71 9 66 34 81 0 79 25 0 99 93 0 67 55 4 80 0 39 23 41 56 77 0 78 35 0 22 0,62 88 7 82 46 83 48 52 | 45 8 18 60 5 16 61 59 | 27 6 89 98 14 91 85 | 11 19 47 86 96 37 | 69 53 28 2 57 43 | 92 42 38 17 94 95 | 64 49 32 20 51 | 70 1 | 36 84 97 13 100 | 44 87 26 50 12 54 | 33 76 3 68 29 24 | 30 90 63 10 31 72 | 15 40 73 21 75 74 58 | 65 71 9 66 34 81 | 79 25 | 99 93 | 67 55 4 80 | 39 23 41 56 77 | 78 35 | 22
R104,1916.980,16,10.0,215.0,0 92 83 45 8 17 5 60 18 31 0 43 15 57 87 2 42 14 37 95 94 0 44 38 61 86 16 91 85 98 0 62 82 7 88 52 27 1 28 0 69 99 84 89 6 30 0 11 64 49 19 63 50 0 47 36 90 10 70 33 3 80 12 0 48 46 93 59 96 66 0 76 53 97 40 41 22 0 23 67 39 24 54 68 26 0 20 32 51 56 4 77 0 75 55 81 0 65 71 35 9 78 25 0 79 72 21 73 58 0 34 29 74 100 0 13 0,92 83 45 8 17 5 60 18 31 | 43 15 57 87 2 42 14 37 95 94 | 44 38 61 86 16 91 85 98 | 62 82 7 88 52 27 1 28 | 69 99 84 89 6 30 | 11 64 49 19 63 50 | 47 36 90 10 70 33 3 80 12 | 48 46 93 59 96 66 | 76 53 97 40 41 22 | 23 67 39 24 54 68 26 | 20 32 51 56 4 77 | 75 55 81 | 65 71 35 9 78 25 | 79 72 21 73 58 | 34 29 74 100 | 13
R105,2133.429,21,10.0,210.0,0 63 11 64 49 10 32 70 0 82 19 90 66 20 1 77 0 52 61 86 84 17 60 93 0 45 83 16 38 91 100 58 0 42 95 98 44 43 13 89 0 47 36 46 48 0 5 14 15 41 22 26 80 0 69 87 57 97 37 0 27 2 40 53 94 54 0 59 92 85 8 96 0 31 62 88 7 68 24 25 0 30 18 74 4 0 28 99 6 3 0 33 29 76 50 55 0 12 75 56 0 34 35 0 65 71 9 51 0 72 39 21 73 0 23 67 0 81 78 0 79 0,63 11 64 49 10 32 70 | 82 19 90 66 20 1 77 | 52 61 86 84 17 60 93 | 45 83 16 38 91 100 58 | 42 95 98 44 43 13 89 | 47 36 46 48 | 5 14 15 41 22 26 80 | 69 87 57 97 37 | 27 2 40 53 94 54 | 59 92 85 8 96 | 31 62 88 7 68 24 25 | 30 18 74 4 | 28 99 6 3 | 33 29 76 50 55 | 12 75 56 | 34 35 | 65 71 9 51 | 72 39 21 73 | 23 67 | 81 78 | 79
R106,1960.712,18,10.0,210.0,0 45 83 84 5 91 85 37 98 59 96 94 0 63 62 88 90 10 31 1 50 70 0 42 14 38 86 17 60 52 0 11 64 49 48 82 7 95 0 18 8 46 13 2 58 0 61 16 99 6 97 100 93 0 69 53 40 43 21 26 0 27 44 87 57 72 75 12 0 81 78 3 74 0 47 19 32 34 0 92 15 41 22 25 77 0 36 30 20 66 35 0 33 28 73 24 80 0 29 67 55 68 0 54 4 89 0 65 71 51 9 0 39 23 56 0 76 79 0,45 83 84 5 91 85 37 98 59 96 94 | 63 62 88 90 10 31 1 50 70 | 42 14 38 86 17 60 52 | 11 64 49 48 82 7 95 | 18 8 46 13 2 58 | 61 16 99 6 97 100 93 | 69 53 40 43 21 26 | 27 44 87 57 72 75 12 | 81 78 3 74 | 47 19 32 34 | 92 15 41 22 25 77 | 36 30 20 66 35 | 33 28 73 24 80 | 29 67 55 68 | 54 4 89 | 65 71 51 9 | 39 23 56 | 76 79
R107,1801.955,16,10.0,213.0,0 62 88 18 83 60 5 61 86 16 0 69 99 6 89 52 85 91 37 95 0 27 44 38 14 43 57 2 97 0 11 64 19 47 48 46 82 0 45 8 84 98 59 96 94 58 28 0 92 87 53 13 100 93 0 42 15 40 26 1 32 90 31 0 36 49 63 7 70 0 33 76 50 12 68 29 24 54 0 67 55 75 72 73 21 0 65 20 10 71 51 0 39 23 22 41 74 81 0 30 66 35 34 3 0 9 78 77 80 0 79 56 4 25 0 17 0,62 88 18 83 60 5 61 86 16 | 69 99 6 89 52 85 91 37 95 | 27 44 38 14 43 57 2 97 | 11 64 19 47 48 46 82 | 45 8 84 98 59 96 94 58 28 | 92 87 53 13 100 93 | 42 15 40 26 1 32 90 31 | 36 49 63 7 70 | 33 76 50 12 68 29 24 54 | 67 55 75 72 73 21 | 65 20 10 71 51 | 39 23 22 41 74 81 | 30 66 35 34 3 | 9 78 77 80 | 79 56 4 25 | 17
R108,1892.287,17,10.0,215.0,0 69 83 8 45 17 86 61 16 0 92 99 5 60 84 18 52 27 1 0 44 38 14 42 43 57 2 40 0 15 82 7 88 31 10 70 0 62 76 24 29 68 80 3 50 0 85 91 93 96 89 6 22 41 28 0 98 59 23 39 54 55 78 0 11 47 19 63 90 32 66 0 64 49 20 33 12 77 0 36 46 48 72 4 56 0 87 37 75 73 21 26 0 97 95 94 67 25 58 0 53 34 35 71 51 0 65 9 81 30 0 79 74 0 100 0 13 0,69 83 8 45 17 86 61 16 | 92 99 5 60 84 18 52 27 1 | 44 38 14 42 43 57 2 40 | 15 82 7 88 31 10 70 | 62 76 24 29 68 80 3 50 | 85 91 93 96 89 6 22 41 28 | 98 59 23 39 54 55 78 | 11 47 19 63 90 32 66 | 64 49 20 33 12 77 | 36 46 48 72 4 56 | 87 37 75 73 21 26 | 97 95 94 67 25 58 | 53 34 35 71 51 | 65 9 81 30 | 79 74 | 100 | 13
R109,1929.038,16,10.0,211.0,0 69 28 2 87 57 43 37 13 58 0 27 15 42 14 38 91 100 93 60 89 0 52 83 45 18 8 46 48 0 95 92 59 98 44 86 84 17 96 0 82 5 16 61 85 6 97 1 0 11 64 47 49 32 70 0 63 31 62 7 10 20 77 0 88 19 36 66 0 30 99 94 26 74 0 33 12 40 53 22 56 4 80 0 76 21 73 41 24 0 29 67 39 55 54 68 0 65 71 9 51 78 34 35 0 79 81 3 50 0 75 72 23 0 90 25 0,69 28 2 87 57 43 37 13 58 | 27 15 42 14 38 91 100 93 60 89 | 52 83 45 18 8 46 48 | 95 92 59 98 44 86 84 17 96 | 82 5 16 61 85 6 97 1 | 11 64 47 49 32 70 | 63 31 62 7 10 20 77 | 88 19 36 66 | 30 99 94 26 74 | 33 12 40 53 22 56 4 80 | 76 21 73 41 24 | 29 67 39 55 54 68 | 65 71 9 51 78 34 35 | 79 81 3 50 | 75 72 23 | 90 25
R110,1719.279,15,10.0,211.0,0 52 83 18 5 44 100 92 93 91 0 28 2 57 87 15 42 43 58 0 99 85 14 38 37 13 89 0 82 95 59 98 86 17 45 48 0 31 69 27 6 94 97 96 74 0 16 61 84 8 36 70 1 0 63 11 19 64 49 62 60 0 88 7 47 46 10 32 0 76 12 40 53 41 22 56 39 0 29 25 67 23 4 54 24 0 90 30 20 66 65 0 21 73 26 50 33 77 68 0 71 51 9 35 34 78 80 0 72 75 55 3 79 0 81 0,52 83 18 5 44 100 92 93 91 | 28 2 57 87 15 42 43 58 | 99 85 14 38 37 13 89 | 82 95 59 98 86 17 45 48 | 31 69 27 6 94 97 96 74 | 16 61 84 8 36 70 1 | 63 11 19 64 49 62 60 | 88 7 47 46 10 32 | 76 12 40 53 41 22 56 39 | 29 25 67 23 4 54 24 | 90 30 20 66 65 | 21 73 26 50 33 77 68 | 71 51 9 35 34 78 80 | 72 75 55 3 79 | 81
R111,1805.522,15,10.0,211.0,0 69 27 52 18 83 86 91 14 0 11 88 8 82 7 31 1 50 0 62 45 84 61 16 5 60 37 0 99 85 98 59 43 72 58 0 92 42 15 38 17 93 97 95 96 0 44 87 57 2 13 94 26 0 64 19 6 89 47 48 0 49 36 90 32 70 0 28 53 40 73 21 74 75 54 0 33 76 41 22 56 4 12 0 30 63 10 46 100 0 67 39 55 25 24 80 0 29 23 68 77 3 0 65 71 9 51 20 66 35 0 81 78 34 79 0,69 27 52 18 83 86 91 14 | 11 88 8 82 7 31 1 50 | 62 45 84 61 16 5 60 37 | 99 85 98 59 43 72 58 | 92 42 15 38 17 93 97 95 96 | 44 87 57 2 13 94 26 | 64 19 6 89 47 48 | 49 36 90 32 70 | 28 53 40 73 21 74 75 54 | 33 76 41 22 56 4 12 | 30 63 10 46 100 | 67 39 55 25 24 80 | 29 23 68 77 3 | 65 71 9 51 20 66 35 | 81 78 34 79
R112,1725.060,13,10.0,211.0,0 52 18 5 83 45 8 82 47 36 0 61 86 16 38 44 59 92 96 93 60 0 2 40 95 87 57 15 42 17 89 0 99 85 98 97 100 37 14 91 13 58 0 31 88 7 62 19 46 84 1 0 69 27 6 94 28 53 26 54 24 77 0 11 90 64 49 66 32 0 76 12 21 4 67 25 68 80 0 73 79 29 3 50 33 35 0 72 75 22 41 74 23 56 39 0 9 71 51 65 78 34 0 70 10 63 20 55 0 30 81 43 48 0,52 18 5 83 45 8 82 47 36 | 61 86 16 38 44 59 92 96 93 60 | 2 40 95 87 57 15 42 17 89 | 99 85 98 97 100 37 14 91 13 58 | 31 88 7 62 19 46 84 1 | 69 27 6 94 28 53 26 54 24 77 | 11 90 64 49 66 32 | 76 12 21 4 67 25 68 80 | 73 79 29 3 50 33 35 | 72 75 22 41 74 23 56 39 | 9 71 51 65 78 34 | 70 10 63 20 55 | 30 81 43 48
R201,1760.228,10,10.0,980.0,0 63 11 64 49 46 48 17 60 89 93 100 58 70 0 62 47 36 19 8 84 86 91 13 74 25 80 77 0 95 92 14 38 44 16 61 85 99 6 94 96 37 97 43 4 54 24 1 0 5 83 45 82 18 7 10 32 66 35 68 0 42 59 98 52 31 88 30 90 53 57 41 26 56 55 0 69 27 28 2 15 87 22 50 3 34 20 0 33 39 23 75 73 21 40 79 78 81 9 0 65 71 51 0 29 67 12 76 0 72 0,63 11 64 49 46 48 17 60 89 93 100 58 70 | 62 47 36 19 8 84 86 91 13 74 25 80 77 | 95 92 14 38 44 16 61 85 99 6 94 96 37 97 43 4 54 24 1 | 5 83 45 82 18 7 10 32 66 35 68 | 42 59 98 52 31 88 30 90 53 57 41 26 56 55 | 69 27 28 2 15 87 22 50 3 34 20 | 33 39 23 75 73 21 40 79 78 81 9 | 65 71 51 | 29 67 12 76 | 72
R202,1566.442,8,10.0,980.0,0 45 47 36 46 48 82 7 31 52 83 5 85 59 98 91 37 95 94 96 17 60 89 93 100 2 26 21 72 0 69 88 62 19 8 18 84 6 97 43 13 75 74 4 24 25 80 12 3 34 50 1 0 27 63 11 64 49 10 32 66 70 58 77 0 28 29 73 41 22 56 55 54 68 35 0 92 14 38 44 16 61 86 99 87 57 53 20 0 39 23 67 79 78 81 9 51 90 0 42 15 40 0 33 65 71 30 76 0,45 47 36 46 48 82 7 31 52 83 5 85 59 98 91 37 95 94 96 17 60 89 93 100 2 26 21 72 | 69 88 62 19 8 18 84 6 97 43 13 75 74 4 24 25 80 12 3 34 50 1 | 27 63 11 64 49 10 32 66 70 58 77 | 28 29 73 41 22 56 55 54 68 35 | 92 14 38 44 16 61 86 99 87 57 53 20 | 39 23 67 79 78 81 9 51 90 | 42 15 40 | 33 65 71 30 76
R203,1533.482,7,10.0,983.0,0 45 46 36 19 47 48 8 7 82 83 5 60 84 18 52 31 12 21 72 73 26 2 57 43 14 37 98 59 85 91 16 61 86 96 89 94 95 0 65 33 30 88 62 32 63 90 20 51 81 50 1 6 97 93 17 100 28 0 39 67 23 22 75 41 56 54 24 29 3 74 4 25 34 0 27 69 11 64 49 10 71 66 35 55 80 77 58 70 0 92 44 38 99 87 53 13 68 0 42 15 40 79 78 9 0 76 0,45 46 36 19 47 48 8 7 82 83 5 60 84 18 52 31 12 21 72 73 26 2 57 43 14 37 98 59 85 91 16 61 86 96 89 94 95 | 65 33 30 88 62 32 63 90 20 51 81 50 1 6 97 93 17 100 28 | 39 67 23 22 75 41 56 54 24 29 3 74 4 25 34 | 27 69 11 64 49 10 71 66 35 55 80 77 58 70 | 92 44 38 99 87 53 13 68 | 42 15 40 79 78 9 | 76
R204,1240.309,5,10.0,985.0,0 11 64 49 36 47 46 45 17 86 61 16 91 85 93 59 98 37 14 97 95 94 96 6 89 52 18 83 60 5 27 1 70 31 88 7 82 48 19 63 90 20 51 50 28 0 62 8 84 10 30 32 66 65 71 35 34 78 80 21 73 72 41 22 75 56 39 54 68 3 12 26 40 42 0 92 38 44 99 87 2 57 43 13 0 69 76 53 33 9 81 29 24 55 4 74 58 100 0 15 23 67 79 77 25 0,11 64 49 36 47 46 45 17 86 61 16 91 85 93 59 98 37 14 97 95 94 96 6 89 52 18 83 60 5 27 1 70 31 88 7 82 48 19 63 90 20 51 50 28 | 62 8 84 10 30 32 66 65 71 35 34 78 80 21 73 72 41 22 75 56 39 54 68 3 12 26 40 42 | 92 38 44 99 87 2 57 43 13 | 69 76 53 33 9 81 29 24 55 4 74 58 100 | 15 23 67 79 77 25
R205,1370.839,5,10.0,980.0,0 63 11 64 19 47 36 49 46 8 18 84 85 96 94 6 97 37 60 17 91 93 100 43 13 58 89 48 70 0 59 92 14 38 44 16 86 61 99 98 87 57 53 40 73 41 22 26 74 56 4 54 55 25 24 68 80 77 1 35 0 5 83 45 82 7 88 52 31 62 10 90 32 20 66 34 50 0 42 95 27 15 2 28 21 72 75 23 39 67 12 76 51 30 71 9 81 78 79 3 0 65 33 69 29 0,63 11 64 19 47 36 49 46 8 18 84 85 96 94 6 97 37 60 17 91 93 100 43 13 58 89 48 70 | 59 92 14 38 44 16 86 61 99 98 87 57 53 40 73 41 22 26 74 56 4 54 55 25 24 68 80 77 1 35 | 5 83 45 82 7 88 52 31 62 10 90 32 20 66 34 50 | 42 95 27 15 2 28 21 72 75 23 39 67 12 76 51 30 71 9 81 78 79 3 | 65 33 69 29
R206,1385.433,5,10.0,980.0,0 30 62 47 36 19 11 64 49 46 48 8 7 82 83 5 84 17 85 91 37 98 59 94 95 96 93 52 60 31 1 50 26 0 92 14 38 44 86 16 61 99 6 18 88 10 90 32 20 66 34 3 12 21 72 75 74 4 25 24 80 77 2 58 0 63 45 42 15 57 87 53 40 73 41 22 56 43 97 100 13 89 70 35 0 29 39 23 67 55 54 68 0 65 33 69 27 28 76 71 51 9 81 79 78 0,30 62 47 36 19 11 64 49 46 48 8 7 82 83 5 84 17 85 91 37 98 59 94 95 96 93 52 60 31 1 50 26 | 92 14 38 44 86 16 61 99 6 18 88 10 90 32 20 66 34 3 12 21 72 75 74 4 25 24 80 77 2 58 | 63 45 42 15 57 87 53 40 73 41 22 56 43 97 100 13 89 70 35 | 29 39 23 67 55 54 68 | 65 33 69 27 28 76 71 51 9 81 79 78
R207,1517.879,5,10.0,983.0,0 64 49 63 19 47 46 48 8 7 31 52 18 82 83 60 5 61 16 86 85 59 98 91 37 95 94 96 89 97 14 100 93 0 62 11 36 45 84 99 44 38 43 87 2 57 21 73 72 75 54 12 26 28 50 1 80 29 24 55 25 34 3 81 71 0 65 33 27 69 30 88 32 90 20 51 76 40 53 6 10 17 13 58 74 4 77 35 70 0 92 42 15 23 39 67 41 22 56 68 66 0 9 79 78 0,64 49 63 19 47 46 48 8 7 31 52 18 82 83 60 5 61 16 86 85 59 98 91 37 95 94 96 89 97 14 100 93 | 62 11 36 45 84 99 44 38 43 87 2 57 21 73 72 75 54 12 26 28 50 1 80 29 24 55 25 34 3 81 71 | 65 33 27 69 30 88 32 90 20 51 76 40 53 6 10 17 13 58 74 4 77 35 70 | 92 42 15 23 39 67 41 22 56 68 66 | 9 79 78
R208,1220.885,5,10.0,985.0,0 11 64 49 36 47 46 45 17 86 16 61 85 93 59 98 38 14 91 37 97 95 94 6 96 5 60 83 18 52 89 27 1 50 28 42 43 57 2 40 26 12 3 33 81 78 77 0 62 8 19 48 82 84 7 88 31 70 30 10 90 63 32 20 66 51 71 65 35 34 29 54 72 41 22 75 73 21 80 68 24 0 69 92 44 99 15 87 76 53 100 13 58 0 67 23 39 25 55 56 74 4 0 9 79 0,11 64 49 36 47 46 45 17 86 16 61 85 93 59 98 38 14 91 37 97 95 94 6 96 5 60 83 18 52 89 27 1 50 28 42 43 57 2 40 26 12 3 33 81 78 77 | 62 8 19 48 82 84 7 88 31 70 30 10 90 63 32 20 66 51 71 65 35 34 29 54 72 41 22 75 73 21 80 68 24 | 69 92 44 99 15 87 76 53 100 13 58 | 67 23 39 25 55 56 74 4 | 9 79
R209,1477.628,6,10.0,981.0,0 63 19 47 11 64 49 62 88 8 45 17 84 96 92 97 13 100 93 37 91 60 70 66 0 31 52 83 5 61 16 44 14 38 86 85 59 99 6 94 27 69 36 46 48 32 0 95 98 42 2 40 28 53 87 15 57 58 43 22 41 74 39 56 4 25 55 54 68 77 80 24 1 89 0 30 82 7 18 50 33 0 29 67 23 75 73 72 21 12 76 9 51 90 10 26 79 3 78 35 34 20 0 65 71 81 0,63 19 47 11 64 49 62 88 8 45 17 84 96 92 97 13 100 93 37 91 60 70 66 | 31 52 83 5 61 16 44 14 38 86 85 59 99 6 94 27 69 36 46 48 32 | 95 98 42 2 40 28 53 87 15 57 58 43 22 41 74 39 56 4 25 55 54 68 77 80 24 1 89 | 30 82 7 18 50 33 | 29 67 23 75 73 72 21 12 76 9 51 90 10 26 79 3 78 35 34 20 | 65 71 81
R210,1583.364,6,10.0,981.0,0 30 62 36 19 47 46 8 7 82 48 18 84 83 5 86 85 91 98 59 95 94 37 96 89 52 60 17 93 97 13 1 50 26 58 100 0 11 64 49 63 90 31 6 14 2 57 43 21 72 74 56 4 54 68 3 34 35 0 92 38 44 16 61 99 87 28 53 40 73 41 75 22 12 24 55 25 80 77 70 32 0 45 42 15 27 69 88 10 51 81 20 66 0 65 33 76 29 67 79 78 71 9 0 23 39 0,30 62 36 19 47 46 8 7 82 48 18 84 83 5 86 85 91 98 59 95 94 37 96 89 52 60 17 93 97 13 1 50 26 58 100 | 11 64 49 63 90 31 6 14 2 57 43 21 72 74 56 4 54 68 3 34 35 | 92 38 44 16 61 99 87 28 53 40 73 41 75 22 12 24 55 25 80 77 70 32 | 45 42 15 27 69 88 10 51 81 20 66 | 65 33 76 29 67 79 78 71 9 | 23 39
R211,1243.714,4,10.0,981.0,0 63 64 19 11 47 36 49 62 7 82 8 45 83 84 5 61 16 86 85 99 59 93 100 14 37 91 96 89 60 17 46 48 70 32 0 69 95 98 44 38 92 42 2 87 15 57 21 73 72 75 22 41 74 23 67 39 56 4 25 55 54 26 80 68 24 77 50 1 97 13 43 58 0 30 31 52 18 88 27 28 12 40 53 94 6 76 33 29 79 3 51 10 90 20 66 0 65 71 9 81 78 34 35 0,63 64 19 11 47 36 49 62 7 82 8 45 83 84 5 61 16 86 85 99 59 93 100 14 37 91 96 89 60 17 46 48 70 32 | 69 95 98 44 38 92 42 2 87 15 57 21 73 72 75 22 41 74 23 67 39 56 4 25 55 54 26 80 68 24 77 50 1 97 13 43 58 | 30 31 52 18 88 27 28 12 40 53 94 6 76 33 29 79 3 51 10 90 20 66 | 65 71 9 81 78 34 35
RC101,2602.292,20,10.0,222.0,0 92 95 64 23 57 74 58 0 65 75 97 13 17 0 69 19 18 49 48 24 80 0 82 11 16 87 10 60 100 0 83 21 86 77 25 0 14 15 9 53 55 68 70 0 59 52 99 90 89 0 98 88 78 79 4 1 0 5 45 2 73 46 0 12 8 3 91 0 42 44 61 81 66 93 0 72 71 67 84 56 96 0 47 6 7 54 0 62 76 85 50 32 0 27 29 31 30 34 26 0 63 51 22 20 0 33 28 94 35 0 36 40 43 37 0 38 41 0 39 0,92 95 64 23 57 74 58 | 65 75 97 13 17 | 69 19 18 49 48 24 80 | 82 11 16 87 10 60 100 | 83 21 86 77 25 | 14 15 9 53 55 68 70 | 59 52 99 90 89 | 98 88 78 79 4 1 | 5 45 2 73 46 | 12 8 3 91 | 42 44 61 81 66 93 | 72 71 67 84 56 96 | 47 6 7 54 | 62 76 85 50 32 | 27 29 31 30 34 26 | 63 51 22 20 | 33 28 94 35 | 36 40 43 37 | 38 41 | 39
RC102,2485.657,21,10.0,222.0,0 65 75 87 59 97 52 83 82 0 88 73 79 7 93 0 14 47 15 16 86 74 58 80 0 61 90 91 21 48 0 92 64 23 57 77 98 0 69 99 22 49 25 24 0 11 9 10 12 13 17 0 42 44 1 3 5 2 4 100 70 0 45 6 8 46 37 0 71 67 85 95 96 94 0 62 76 51 84 56 0 53 78 60 0 63 18 89 50 0 27 29 31 26 34 72 0 19 32 0 33 30 28 20 0 40 38 41 55 0 54 68 0 36 39 81 35 0 66 0 43 0,65 75 87 59 97 52 83 82 | 88 73 79 7 93 | 14 47 15 16 86 74 58 80 | 61 90 91 21 48 | 92 64 23 57 77 98 | 69 99 22 49 25 24 | 11 9 10 12 13 17 | 42 44 1 3 5 2 4 100 70 | 45 6 8 46 37 | 71 67 85 95 96 94 | 62 76 51 84 56 | 53 78 60 | 63 18 89 50 | 27 29 31 26 34 72 | 19 32 | 33 30 28 20 | 40 38 41 55 | 54 68 | 36 39 81 35 | 66 | 43
RC103,2399.212,20,10.0,225.0,0 65 99 75 86 59 0 11 9 97 52 57 83 91 0 69 53 24 21 20 90 0 88 78 73 60 98 12 0 15 87 17 16 47 14 0 92 82 13 58 0 45 3 5 8 79 7 46 81 0 64 66 48 0 67 85 63 89 50 95 0 62 76 51 84 18 19 0 22 49 74 77 0 23 10 25 0 42 1 2 6 4 43 0 27 26 30 29 31 28 32 34 94 0 33 71 72 37 93 96 0 39 41 40 54 61 0 100 70 0 36 38 44 35 0 68 55 80 0 56 0,65 99 75 86 59 | 11 9 97 52 57 83 91 | 69 53 24 21 20 90 | 88 78 73 60 98 12 | 15 87 17 16 47 14 | 92 82 13 58 | 45 3 5 8 79 7 46 81 | 64 66 48 | 67 85 63 89 50 95 | 62 76 51 84 18 19 | 22 49 74 77 | 23 10 25 | 42 1 2 6 4 43 | 27 26 30 29 31 28 32 34 94 | 33 71 72 37 93 96 | 39 41 40 54 61 | 100 70 | 36 38 44 35 | 68 55 80 | 56
RC104,2617.767,19,10.0,225.0,0 99 87 97 59 75 0 65 52 86 57 83 66 80 91 56 94 54 0 4 60 81 0 12 73 78 53 82 98 90 96 0 33 22 24 64 20 95 0 5 0 6 79 47 17 10 16 14 0 69 11 35 40 42 0 92 45 8 7 50 0 15 88 55 43 0 19 23 49 21 48 74 77 0 9 18 25 0 67 26 31 27 29 34 0 62 93 71 72 41 37 36 39 0 32 30 28 89 85 63 51 0 76 84 58 0 44 38 13 68 0 2 46 61 70 1 100 0 3 0,99 87 97 59 75 | 65 52 86 57 83 66 80 91 56 94 54 | 4 60 81 | 12 73 78 53 82 98 90 96 | 33 22 24 64 20 95 | 5 | 6 79 47 17 10 16 14 | 69 11 35 40 42 | 92 45 8 7 50 | 15 88 55 43 | 19 23 49 21 48 74 77 | 9 18 25 | 67 26 31 27 29 34 | 62 93 71 72 41 37 36 39 | 32 30 28 89 85 63 51 | 76 84 58 | 44 38 13 68 | 2 46 61 70 1 100 | 3
RC105,2597.512,22,10.0,222.0,0 65 83 23 86 75 58 0 69 90 82 52 59 24 0 98 99 57 97 60 0 88 73 78 12 17 100 0 11 87 74 91 80 0 47 14 16 9 77 0 92 64 22 21 48 20 25 0 53 10 70 0 61 95 84 85 89 0 15 13 0 42 44 5 7 4 1 0 34 33 30 28 26 31 32 50 0 45 79 6 2 46 3 0 67 51 56 94 96 93 0 71 63 54 37 0 62 18 49 66 0 36 40 43 68 0 81 72 55 0 27 29 35 0 19 76 0 39 38 41 0 8 0,65 83 23 86 75 58 | 69 90 82 52 59 24 | 98 99 57 97 60 | 88 73 78 12 17 100 | 11 87 74 91 80 | 47 14 16 9 77 | 92 64 22 21 48 20 25 | 53 10 70 | 61 95 84 85 89 | 15 13 | 42 44 5 7 4 1 | 34 33 30 28 26 31 32 50 | 45 79 6 2 46 3 | 67 51 56 94 96 93 | 71 63 54 37 | 62 18 49 66 | 36 40 43 68 | 81 72 55 | 27 29 35 | 19 76 | 39 38 41 | 8
RC106,2241.928,16,10.0,222.0,0 92 65 83 75 97 13 17 0 69 82 15 16 87 10 74 0 14 11 9 59 86 77 58 0 95 64 23 21 57 48 25 0 98 52 19 18 89 24 0 88 47 12 53 60 4 100 0 61 90 22 49 20 91 80 0 45 5 2 7 79 78 55 68 70 0 73 99 66 56 93 0 72 71 67 62 85 84 96 54 0 29 27 28 33 30 26 34 32 0 31 76 51 50 0 42 44 8 6 3 46 1 0 63 81 94 43 35 0 36 40 39 37 41 0 38 0,92 65 83 75 97 13 17 | 69 82 15 16 87 10 74 | 14 11 9 59 86 77 58 | 95 64 23 21 57 48 25 | 98 52 19 18 89 24 | 88 47 12 53 60 4 100 | 61 90 22 49 20 91 80 | 45 5 2 7 79 78 55 68 70 | 73 99 66 56 93 | 72 71 67 62 85 84 96 54 | 29 27 28 33 30 26 34 32 | 31 76 51 50 | 42 44 8 6 3 46 1 | 63 81 94 43 35 | 36 40 39 37 41 | 38
RC107,2087.690,16,10.0,222.0,0 69 98 82 65 83 57 86 58 77 0 47 14 12 52 99 87 74 24 0 11 59 75 97 9 15 13 0 95 63 85 76 51 84 55 100 0 88 53 16 10 17 78 70 68 0 64 92 90 80 66 56 91 93 0 21 18 33 30 27 0 23 22 49 19 20 25 48 0 2 73 79 6 45 3 4 1 0 5 7 8 46 43 42 39 0 31 29 28 34 26 32 0 38 72 71 67 62 50 54 0 61 81 96 37 36 0 40 44 35 41 60 0 94 0 89 0,69 98 82 65 83 57 86 58 77 | 47 14 12 52 99 87 74 24 | 11 59 75 97 9 15 13 | 95 63 85 76 51 84 55 100 | 88 53 16 10 17 78 70 68 | 64 92 90 80 66 56 91 93 | 21 18 33 30 27 | 23 22 49 19 20 25 48 | 2 73 79 6 45 3 4 1 | 5 7 8 46 43 42 39 | 31 29 28 34 26 32 | 38 72 71 67 62 50 54 | 61 81 96 37 36 | 40 44 35 41 60 | 94 | 89
RC108,2449.995,17,10.0,222.0,0 73 79 78 12 15 47 14 70 0 44 95 64 83 57 74 80 0 98 90 65 76 89 63 93 0 22 49 48 18 13 0 41 67 92 84 24 91 0 75 59 87 58 77 25 0 53 88 97 100 0 69 82 99 52 86 35 39 0 11 16 9 10 17 60 55 68 0 21 23 19 51 30 27 0 2 7 6 8 42 37 72 54 0 20 56 50 0 61 81 94 85 33 0 71 62 96 66 0 5 43 45 1 46 4 0 40 38 36 3 0 29 34 28 31 32 26 0,73 79 78 12 15 47 14 70 | 44 95 64 83 57 74 80 | 98 90 65 76 89 63 93 | 22 49 48 18 13 | 41 67 92 84 24 91 | 75 59 87 58 77 25 | 53 88 97 100 | 69 82 99 52 86 35 39 | 11 16 9 10 17 60 55 68 | 21 23 19 51 30 27 | 2 7 6 8 42 37 72 54 | 20 56 50 | 61 81 94 85 33 | 71 62 96 66 | 5 43 45 1 46 4 | 40 38 36 3 | 29 34 28 31 32 26
RC201,2111.755,9,10.0,942.0,0 5 45 8 7 79 6 46 4 1 60 17 13 58 77 25 80 93 0 2 73 78 53 10 97 74 66 24 48 91 100 70 0 69 12 16 15 11 9 87 86 57 22 20 49 56 96 54 32 89 0 82 47 88 98 99 90 3 55 68 0 65 52 75 23 21 19 18 51 84 94 81 50 34 26 37 35 0 14 59 83 64 95 62 76 85 67 41 40 43 0 42 44 61 71 30 0 36 39 72 92 33 31 29 28 27 38 0 63 0,5 45 8 7 79 6 46 4 1 60 17 13 58 77 25 80 93 | 2 73 78 53 10 97 74 66 24 48 91 100 70 | 69 12 16 15 11 9 87 86 57 22 20 49 56 96 54 32 89 | 82 47 88 98 99 90 3 55 68 | 65 52 75 23 21 19 18 51 84 94 81 50 34 26 37 35 | 14 59 83 64 95 62 76 85 67 41 40 43 | 42 44 61 71 30 | 36 39 72 92 33 31 29 28 27 38 | 63
RC202,1781.999,8,10.0,942.0,0 45 1 5 3 79 73 78 7 2 6 8 46 4 55 98 82 12 59 75 52 83 91 95 80 0 11 47 16 15 9 86 87 97 10 13 17 60 37 72 96 94 50 93 0 33 29 27 30 28 34 31 26 32 89 85 48 21 25 58 77 0 65 69 88 53 99 57 22 49 20 24 74 100 70 0 14 90 51 18 84 56 66 68 54 43 35 0 92 63 76 23 19 67 41 40 81 0 36 39 42 44 38 61 71 0 62 64 0,45 1 5 3 79 73 78 7 2 6 8 46 4 55 98 82 12 59 75 52 83 91 95 80 | 11 47 16 15 9 86 87 97 10 13 17 60 37 72 96 94 50 93 | 33 29 27 30 28 34 31 26 32 89 85 48 21 25 58 77 | 65 69 88 53 99 57 22 49 20 24 74 100 70 | 14 90 51 18 84 56 66 68 54 43 35 | 92 63 76 23 19 67 41 40 81 | 36 39 42 44 38 61 71 | 62 64
RC203,1593.212,6,10.0,945.0,0 27 30 26 28 29 31 34 32 76 89 63 84 50 85 51 49 18 48 21 19 20 24 57 52 86 74 59 97 75 58 83 91 95 94 71 96 0 65 11 15 16 47 14 12 9 87 99 82 98 53 60 73 7 46 2 1 3 5 4 43 68 54 81 61 90 77 25 0 33 62 64 69 88 78 79 8 6 55 10 13 17 100 70 37 72 80 0 92 23 22 66 56 93 0 36 39 42 45 44 38 40 41 35 0 67 0,27 30 26 28 29 31 34 32 76 89 63 84 50 85 51 49 18 48 21 19 20 24 57 52 86 74 59 97 75 58 83 91 95 94 71 96 | 65 11 15 16 47 14 12 9 87 99 82 98 53 60 73 7 46 2 1 3 5 4 43 68 54 81 61 90 77 25 | 33 62 64 69 88 78 79 8 6 55 10 13 17 100 70 37 72 80 | 92 23 22 66 56 93 | 36 39 42 45 44 38 40 41 35 | 67
RC204,1517.090,7,10.0,945.0,0 31 26 27 28 76 89 33 32 30 29 34 50 84 63 85 51 18 48 21 19 49 20 22 24 57 83 66 64 2 6 46 45 3 1 5 7 70 68 61 90 0 99 87 52 86 59 97 75 16 17 47 14 12 10 98 88 60 78 73 13 82 65 80 91 56 95 94 96 54 41 0 92 23 15 11 9 53 79 8 4 43 39 42 81 37 36 35 0 44 62 67 71 72 93 38 40 74 58 77 25 0 100 0 55 0 69 0,31 26 27 28 76 89 33 32 30 29 34 50 84 63 85 51 18 48 21 19 49 20 22 24 57 83 66 64 2 6 46 45 3 1 5 7 70 68 61 90 | 99 87 52 86 59 97 75 16 17 47 14 12 10 98 88 60 78 73 13 82 65 80 91 56 95 94 96 54 41 | 92 23 15 11 9 53 79 8 4 43 39 42 81 37 36 35 | 44 62 67 71 72 93 38 40 74 58 77 25 | 100 | 55 | 69
RC205,2041.293,8,10.0,942.0,0 99 82 52 86 87 59 75 97 10 13 17 60 1 70 100 91 80 0 65 11 15 16 12 14 47 9 98 53 78 2 7 46 3 4 68 96 24 48 25 77 58 0 44 61 88 73 79 6 5 8 55 66 20 74 89 93 0 45 69 90 83 57 21 19 22 49 18 56 94 85 50 34 32 26 54 37 0 92 64 23 95 63 76 51 84 72 41 43 35 0 36 42 39 27 30 29 28 31 71 81 40 0 62 67 38 0 33 0,99 82 52 86 87 59 75 97 10 13 17 60 1 70 100 91 80 | 65 11 15 16 12 14 47 9 98 53 78 2 7 46 3 4 68 96 24 48 25 77 58 | 44 61 88 73 79 6 5 8 55 66 20 74 89 93 | 45 69 90 83 57 21 19 22 49 18 56 94 85 50 34 32 26 54 37 | 92 64 23 95 63 76 51 84 72 41 43 35 | 36 42 39 27 30 29 28 31 71 81 40 | 62 67 38 | 33
RC206,1574.944,6,10.0,942.0,0 5 45 8 2 6 7 79 73 78 46 4 3 1 60 17 13 74 58 77 24 25 48 89 80 0 82 12 14 47 15 16 11 59 75 87 97 9 10 53 55 68 100 70 91 93 35 0 69 98 88 65 99 52 86 23 21 22 19 18 49 20 57 66 56 84 50 34 32 26 96 54 0 92 95 64 83 90 61 81 71 67 85 76 51 94 41 37 43 0 27 29 28 31 33 30 63 62 38 44 40 0 36 42 72 39 0,5 45 8 2 6 7 79 73 78 46 4 3 1 60 17 13 74 58 77 24 25 48 89 80 | 82 12 14 47 15 16 11 59 75 87 97 9 10 53 55 68 100 70 91 93 35 | 69 98 88 65 99 52 86 23 21 22 19 18 49 20 57 66 56 84 50 34 32 26 96 54 | 92 95 64 83 90 61 81 71 67 85 76 51 94 41 37 43 | 27 29 28 31 33 30 63 62 38 44 40 | 36 42 72 39
RC207,1692.787,5,10.0,942.0,0 29 31 28 30 33 85 63 76 18 19 23 22 64 57 77 58 74 9 13 10 17 60 100 55 70 91 56 66 80 93 68 0 5 8 7 2 73 79 6 45 46 3 78 53 99 97 25 24 20 48 89 32 35 0 82 12 47 16 14 15 11 87 59 86 65 90 69 88 4 1 41 39 36 54 0 83 98 52 75 21 95 92 67 62 84 51 49 94 27 26 34 50 96 43 37 0 72 71 81 61 42 44 40 38 0,29 31 28 30 33 85 63 76 18 19 23 22 64 57 77 58 74 9 13 10 17 60 100 55 70 91 56 66 80 93 68 | 5 8 7 2 73 79 6 45 46 3 78 53 99 97 25 24 20 48 89 32 35 | 82 12 47 16 14 15 11 87 59 86 65 90 69 88 4 1 41 39 36 54 | 83 98 52 75 21 95 92 67 62 84 51 49 94 27 26 34 50 96 43 37 | 72 71 81 61 42 44 40 38
RC208,1366.081,4,10.0,942.0,0 65 52 87 59 75 86 99 82 11 14 15 16 47 12 78 73 79 6 45 5 8 3 1 46 4 60 17 13 55 100 70 68 80 91 0 2 7 88 69 98 53 9 10 97 58 23 21 18 19 22 49 20 48 25 77 24 74 66 56 89 32 0 61 81 90 64 83 57 92 95 51 76 63 85 62 67 84 50 33 26 34 93 96 54 37 35 43 0 29 31 30 28 27 71 72 94 41 42 44 39 38 40 36 0,65 52 87 59 75 86 99 82 11 14 15 16 47 12 78 73 79 6 45 5 8 3 1 46 4 60 17 13 55 100 70 68 80 91 | 2 7 88 69 98 53 9 10 97 58 23 21 18 19 22 49 20 48 25 77 24 74 66 56 89 32 | 61 81 90 64 83 57 92 95 51 76 63 85 62 67 84 50 33 26 34 93 96 54 37 35 43 | 29 31 30 28 27 71 72 94 41 42 44 39 38 40 36
